{
  "db": "PostgreSQL",
  "51c9c995452d3359e3da7e2f2ff8a6e68690f740a36d2a32ec7c40b08931ebdb": {
    "query": "\n    INSERT INTO subscriptions (id, email, name, subscribed_at, status)\n    VALUES ($1, $2, $3, $4, 'pending_confirmation')\n            ",
    "describe": {
      "columns": [],
      "parameters": {
        "Left": [
          "Uuid",
          "Text",
          "Text",
          "Timestamptz"
        ]
      },
      "nullable": []
    }
  },
  "753c8ecfac0ea7d052e60cb582e3b3ebac5e50eb133152712ca18ab5d5e202f3": {
    "query": "\n    INSERT INTO subscription_tokens (subscription_token, subscriber_id)\n    VALUES ($1, $2)\n        ",
    "describe": {
      "columns": [],
      "parameters": {
        "Left": [
          "Text",
          "Uuid"
        ]
      },
      "nullable": []
    }
  },
  "7b57e2776a245ba1602f638121550485e2219a6ccaaa62b5ec3e4683e33a3b5f": {
    "query": "\n        SELECT email\n        FROM subscriptions\n        WHERE status = 'confirmed'\n        ",
    "describe": {
      "columns": [
        {
          "ordinal": 0,
          "name": "email",
          "type_info": "Text"
        }
      ],
      "parameters": {
        "Left": []
      },
      "nullable": [
        false
      ]
    }
  },
  "a71a1932b894572106460ca2e34a63dc0cb8c1ba7a70547add1cddbb68133c2b": {
    "query": "UPDATE subscriptions SET status = 'confirmed' WHERE id = $1",
    "describe": {
      "columns": [],
      "parameters": {
        "Left": [
          "Uuid"
        ]
      },
      "nullable": []
    }
  },
  "acf1b96c82ddf18db02e71a0e297c822b46f10add52c54649cf599b883165e58": {
    "query": "\n        SELECT user_id, password_hash\n        FROM users\n        WHERE username = $1\n        ",
    "describe": {
      "columns": [
        {
          "ordinal": 0,
          "name": "user_id",
          "type_info": "Uuid"
        },
        {
          "ordinal": 1,
          "name": "password_hash",
          "type_info": "Text"
        }
      ],
      "parameters": {
        "Left": [
          "Text"
        ]
      },
      "nullable": [
        false,
        false
      ]
    }
  },
  "ad120337ee606be7b8d87238e2bb765d0da8ee61b1a3bc142414c4305ec5e17f": {
    "query": "SELECT subscriber_id FROM subscription_tokens WHERE subscription_token = $1",
    "describe": {
      "columns": [
        {
          "ordinal": 0,
          "name": "subscriber_id",
          "type_info": "Uuid"
        }
      ],
      "parameters": {
        "Left": [
          "Text"
        ]
      },
      "nullable": [
        false
      ]
    }
  }
}